Date ,series ,OPEN ,HIGH ,LOW ,PREV. CLOSE ,ltp ,close ,vwap ,52W H ,52W L ,VOLUME ,VALUE ,No of trades 
27-Sep-24,EQ,7780.00,7810.00,7711.00,7768.40,7748.00,7756.00,7763.32,8192.00,6187.80,1178131.00,9146205846.85,111773.00
26-Sep-24,EQ,7640.00,7779.40,7587.55,7623.90,7750.50,7768.40,7703.91,8192.00,6187.80,1668165.00,12851398916.45,135704.00
25-Sep-24,EQ,7545.00,7640.00,7498.05,7554.20,7609.05,7623.90,7594.79,8192.00,6187.80,1272038.00,9660856892.35,115651.00
24-Sep-24,EQ,7597.00,7603.45,7483.90,7595.10,7540.05,7554.20,7540.36,8192.00,6187.80,1069540.00,8064716233.30,108687.00
23-Sep-24,EQ,7625.75,7635.95,7531.70,7582.45,7590.00,7595.10,7583.00,8192.00,6187.80,573497.00,4348826873.50,63656.00
20-Sep-24,EQ,7635.00,7655.00,7487.25,7590.35,7598.00,7582.45,7577.97,8192.00,6187.80,1645004.00,12465784114.10,150922.00
19-Sep-24,EQ,7675.00,7748.00,7560.00,7631.10,7598.00,7590.35,7637.72,8192.00,6187.80,1720644.00,13141798915.40,136094.00
18-Sep-24,EQ,7387.25,7672.50,7378.50,7365.50,7613.00,7631.10,7583.53,8192.00,6187.80,2974993.00,22560942837.00,215987.00
17-Sep-24,EQ,7337.50,7455.00,7286.15,7345.75,7361.20,7365.50,7382.20,8192.00,6187.80,1567786.00,11573710141.40,137797.00
16-Sep-24,EQ,7680.00,7680.00,7322.00,7598.50,7342.00,7345.75,7453.97,8192.00,6187.80,2679555.00,19973329755.75,228453.00
13-Sep-24,EQ,7428.30,7660.00,7352.00,7428.30,7596.00,7598.50,7553.47,8192.00,6187.80,2208438.00,16681366151.95,177346.00
12-Sep-24,EQ,7420.00,7440.00,7296.60,7345.55,7417.00,7428.30,7391.68,8192.00,6187.80,1446764.00,10694021568.80,136881.00
11-Sep-24,EQ,7250.00,7432.00,7206.30,7241.85,7361.00,7345.55,7343.73,8192.00,6187.80,1104890.00,8114015820.00,107918.00
10-Sep-24,EQ,7369.95,7369.95,7193.00,7347.45,7244.00,7241.85,7247.41,8192.00,6187.80,1308932.00,9486362980.25,147151.00
09-Sep-24,EQ,7324.00,7377.95,7262.80,7317.15,7342.00,7347.45,7331.02,8192.00,6187.80,878938.00,6443513244.50,121880.00
06-Sep-24,EQ,7255.55,7395.00,7255.55,7244.90,7314.85,7317.15,7328.76,8192.00,6187.80,1842827.00,13505629079.25,166279.00
05-Sep-24,EQ,7320.00,7326.65,7193.00,7299.50,7235.00,7244.90,7246.10,8192.00,6187.80,673447.00,4879864215.35,77709.00
04-Sep-24,EQ,7254.95,7377.00,7245.25,7353.80,7297.90,7299.50,7307.13,8192.00,6187.80,886746.00,6479569195.65,79615.00
03-Sep-24,EQ,7460.00,7460.00,7206.10,7440.05,7338.50,7353.80,7311.48,8192.00,6187.80,1898656.00,13881984350.05,165740.00
02-Sep-24,EQ,7274.00,7450.00,7229.00,7200.15,7420.00,7440.05,7374.26,8192.00,6187.80,2296378.00,16934082436.55,209089.00
30-Aug-24,EQ,7071.05,7215.05,7071.05,7063.55,7210.00,7200.15,7177.87,8192.00,6187.80,2044367.00,14674202525.30,152391.00
29-Aug-24,EQ,6889.05,7158.00,6881.55,6900.00,7066.65,7063.55,7067.96,8192.00,6187.80,2639159.00,18653471149.90,241887.00
28-Aug-24,EQ,6876.00,6917.00,6852.00,6863.60,6900.00,6900.00,6888.81,8192.00,6187.80,848986.00,5848504187.75,78498.00
27-Aug-24,EQ,6778.35,6873.35,6730.00,6778.35,6865.00,6863.60,6817.94,8192.00,6187.80,2035902.00,13880653632.65,137988.00
26-Aug-24,EQ,6776.00,6819.00,6756.05,6735.85,6782.00,6778.35,6784.13,8192.00,6187.80,898343.00,6094476482.90,69051.00
23-Aug-24,EQ,6755.00,6762.00,6704.95,6743.60,6732.00,6735.85,6736.95,8192.00,6187.80,618045.00,4163736372.50,55305.00
22-Aug-24,EQ,6750.00,6765.00,6723.90,6735.35,6745.00,6743.60,6746.48,8192.00,6187.80,728260.00,4913191079.25,79471.00
21-Aug-24,EQ,6721.95,6747.30,6695.00,6722.20,6734.00,6735.35,6730.52,8192.00,6187.80,633111.00,4261169264.10,61864.00
20-Aug-24,EQ,6647.35,6773.90,6616.35,6616.35,6710.40,6722.20,6714.28,8192.00,6187.80,957159.00,6426635507.05,115658.00
19-Aug-24,EQ,6638.00,6656.00,6593.60,6590.90,6619.00,6616.35,6617.09,8192.00,6187.80,528730.00,3498655983.40,61108.00
16-Aug-24,EQ,6505.00,6600.00,6425.00,6458.50,6585.95,6590.90,6518.16,8192.00,6187.80,753419.00,4910903764.30,92530.00
14-Aug-24,EQ,6482.50,6489.95,6430.95,6465.05,6474.00,6458.50,6454.93,8192.00,6187.80,774276.00,4997895619.30,90976.00
13-Aug-24,EQ,6644.95,6644.95,6452.20,6608.15,6480.00,6465.05,6531.48,8192.00,6187.80,1072327.00,7003886318.05,120346.00
12-Aug-24,EQ,6619.10,6645.00,6564.05,6618.20,6600.00,6608.15,6608.56,8192.00,6187.80,674887.00,4460033263.25,57291.00
09-Aug-24,EQ,6700.00,6700.00,6591.00,6582.20,6625.00,6618.20,6613.81,8192.00,6187.80,699490.00,4626292347.20,68270.00
08-Aug-24,EQ,6625.05,6678.05,6571.35,6637.15,6578.00,6582.20,6616.64,8192.00,6187.80,690389.00,4568057247.85,69608.00
07-Aug-24,EQ,6600.00,6659.35,6581.10,6538.35,6634.00,6637.15,6631.03,8192.00,6187.80,464284.00,3078681121.25,50099.00
06-Aug-24,EQ,6626.00,6697.00,6511.50,6596.70,6554.90,6538.35,6583.77,8192.00,6187.80,891828.00,5871590364.80,89592.00
05-Aug-24,EQ,6650.00,6650.00,6532.60,6725.00,6600.00,6596.70,6587.04,8192.00,6187.80,944041.00,6218435946.90,96566.00
02-Aug-24,EQ,6725.00,6750.00,6673.10,6771.65,6720.80,6725.00,6723.48,8192.00,6187.80,622218.00,4183469919.40,78327.00
01-Aug-24,EQ,6831.50,6844.00,6750.00,6806.95,6768.00,6771.65,6793.27,8192.00,6187.80,839523.00,5703110032.25,79045.00
31-Jul-24,EQ,6826.95,6855.00,6793.00,6823.60,6809.45,6806.95,6821.38,8192.00,6187.80,889659.00,6068699460.50,72380.00
30-Jul-24,EQ,6812.45,6899.00,6783.00,6812.45,6807.10,6823.60,6840.00,8192.00,6187.80,1179413.00,8067189280.90,145013.00
29-Jul-24,EQ,6823.85,6855.00,6765.75,6789.75,6820.00,6812.45,6814.64,8192.00,6187.80,748565.00,5101201683.90,107143.00
26-Jul-24,EQ,6675.05,6808.40,6667.10,6647.75,6799.50,6789.75,6766.26,8192.00,6187.80,1110184.00,7511791200.10,144585.00
25-Jul-24,EQ,6560.00,6666.00,6551.45,6607.15,6660.00,6647.75,6624.67,8192.00,6187.80,950965.00,6299830192.90,87496.00
24-Jul-24,EQ,6630.00,6654.70,6541.05,6727.10,6614.90,6607.15,6582.68,8192.00,6187.80,3100626.00,20410439669.35,303652.00
23-Jul-24,EQ,6934.00,6944.85,6620.00,6884.25,6728.00,6727.10,6762.85,8192.00,6187.80,1932212.00,13067260412.85,203731.00
22-Jul-24,EQ,6932.00,6958.60,6849.40,6932.30,6892.00,6884.25,6906.89,8192.00,6187.80,575193.00,3972796913.85,52812.00
19-Jul-24,EQ,7110.00,7110.00,6910.00,7110.00,6923.00,6932.30,6994.75,8192.00,6187.80,938598.00,6565258706.05,97716.00
18-Jul-24,EQ,7047.10,7117.90,6971.15,7059.10,7104.00,7110.00,7059.68,8192.00,6187.80,864605.00,6103833864.20,103410.00
16-Jul-24,EQ,7080.00,7090.00,7005.20,7063.75,7045.00,7059.10,7056.65,8192.00,6187.80,558200.00,3939023748.00,52732.00
15-Jul-24,EQ,7020.05,7085.00,6995.25,7004.30,7060.00,7063.75,7052.13,8192.00,6187.80,533373.00,3761416959.10,55149.00
12-Jul-24,EQ,6996.95,7045.00,6915.05,6950.30,7008.00,7004.30,6989.82,8192.00,6187.80,1068833.00,7470950108.15,106238.00
11-Jul-24,EQ,7087.90,7087.90,6930.00,7054.95,6958.80,6950.30,6971.42,8192.00,6187.80,971801.00,6774835936.60,110645.00
10-Jul-24,EQ,7068.00,7129.35,7021.00,7068.05,7045.00,7054.95,7068.22,8192.00,6187.80,809714.00,5723233363.80,80417.00
09-Jul-24,EQ,7109.85,7142.40,7042.00,7098.25,7055.00,7068.05,7073.47,8192.00,6187.80,973503.00,6886046000.85,79828.00
08-Jul-24,EQ,7144.95,7147.65,7047.00,7138.00,7099.00,7098.25,7086.97,8192.00,6187.80,677705.00,4802876115.10,55085.00
05-Jul-24,EQ,7134.00,7149.90,7077.00,7107.05,7127.00,7138.00,7115.41,8192.00,6187.80,931079.00,6625012346.70,89558.00
04-Jul-24,EQ,7301.05,7325.00,7100.00,7258.80,7109.00,7107.05,7182.11,8192.00,6187.80,1897977.00,13631486626.25,133300.00
03-Jul-24,EQ,7189.95,7284.65,7170.00,7165.60,7265.40,7258.80,7234.45,8192.00,6187.80,836393.00,6050844929.95,82895.00
02-Jul-24,EQ,7275.00,7275.95,7122.00,7276.75,7158.80,7165.60,7173.56,8192.00,6187.80,1281027.00,9189527030.40,128205.00
01-Jul-24,EQ,7075.00,7304.00,7075.00,7115.55,7262.20,7276.75,7215.10,8192.00,6187.80,772745.00,5575435152.85,70472.00
28-Jun-24,EQ,7165.00,7226.00,7105.30,7166.75,7119.00,7115.55,7145.35,8192.00,6187.80,829584.00,5927671837.80,92953.00
27-Jun-24,EQ,7150.00,7239.00,7083.05,7158.20,7170.00,7166.75,7162.92,8192.00,6187.80,1137606.00,8148578517.55,138114.00
26-Jun-24,EQ,7070.00,7179.25,7035.00,7074.45,7148.00,7158.20,7118.57,8192.00,6187.80,912552.00,6496064378.15,90882.00
25-Jun-24,EQ,7101.00,7140.00,6998.00,7081.85,7082.05,7074.45,7062.32,8192.00,6187.80,1560811.00,11022940326.15,155247.00
24-Jun-24,EQ,7076.00,7106.95,7020.55,7134.25,7084.80,7081.85,7069.34,8192.00,6187.80,635654.00,4493652338.35,59207.00
21-Jun-24,EQ,7239.30,7265.00,7075.00,7207.10,7113.00,7134.25,7131.59,8192.00,6187.80,1499818.00,10696080598.05,147750.00
20-Jun-24,EQ,7220.00,7264.90,7111.00,7233.95,7215.00,7207.10,7184.01,8192.00,6187.80,900158.00,6466746499.10,110362.00
19-Jun-24,EQ,7334.70,7348.95,7177.90,7334.70,7234.15,7233.95,7255.43,8192.00,6187.80,520400.00,3775728250.45,62047.00
18-Jun-24,EQ,7365.00,7429.45,7300.00,7341.55,7321.00,7334.70,7360.56,8192.00,6187.80,946904.00,6969748285.60,97811.00
14-Jun-24,EQ,7296.05,7370.00,7247.00,7294.95,7340.50,7341.55,7326.50,8192.00,6187.80,1187488.00,8700131590.00,93722.00
13-Jun-24,EQ,7252.20,7325.00,7232.15,7217.75,7289.00,7294.95,7287.98,8192.00,6187.80,1345495.00,9805940005.85,102871.00
12-Jun-24,EQ,7148.00,7277.00,7115.00,7138.10,7225.00,7217.75,7226.06,8192.00,6187.80,1268508.00,9166320923.85,112607.00
11-Jun-24,EQ,7083.00,7169.00,7051.00,7088.85,7149.00,7138.10,7130.46,8192.00,6187.80,1205213.00,8593720571.70,113947.00
10-Jun-24,EQ,7250.00,7250.00,7075.25,7191.40,7081.55,7088.85,7141.92,8192.00,6187.80,872318.00,6230023590.95,89665.00
07-Jun-24,EQ,6995.00,7299.00,6941.00,6925.80,7175.00,7191.40,7159.15,8192.00,6187.80,2984052.00,21363281429.45,225585.00
06-Jun-24,EQ,6850.00,7012.95,6822.30,6836.65,6924.00,6925.80,6932.58,8192.00,6187.80,1465716.00,10161191156.50,159320.00
05-Jun-24,EQ,6604.00,6862.00,6535.55,6509.55,6836.00,6836.65,6722.32,8192.00,6187.80,1218517.00,8191256807.30,135988.00
04-Jun-24,EQ,6915.95,6915.95,6375.70,6915.55,6550.00,6509.55,6622.74,8192.00,6187.80,3299387.00,21850987461.40,325423.00
03-Jun-24,EQ,6948.85,6988.70,6832.95,6697.70,6920.00,6915.55,6926.55,8192.00,6187.80,1148212.00,7953149496.25,109211.00
31-May-24,EQ,6664.95,6771.95,6642.40,6616.45,6732.50,6697.70,6708.89,8192.00,6187.80,2841733.00,19064883447.35,150667.00
30-May-24,EQ,6779.90,6798.95,6594.05,6806.70,6629.90,6616.45,6666.81,8192.00,6187.80,1155575.00,7703999997.40,150041.00
29-May-24,EQ,6878.00,6908.00,6785.35,6873.05,6791.65,6806.70,6854.68,8192.00,6187.80,721331.00,4944492572.10,60716.00
28-May-24,EQ,6913.95,6945.00,6856.90,6895.50,6880.00,6873.05,6900.63,8192.00,6187.80,752867.00,5195254896.95,89685.00
27-May-24,EQ,6859.00,6959.55,6810.00,6836.90,6895.00,6895.50,6904.55,8192.00,6187.80,655471.00,4525729414.85,71066.00
24-May-24,EQ,6820.00,6910.00,6793.00,6826.65,6828.80,6836.90,6863.45,8192.00,6187.80,742043.00,5092972278.55,82955.00
23-May-24,EQ,6759.55,6853.50,6730.05,6744.55,6825.00,6826.65,6801.70,8192.00,6187.80,709317.00,4824561943.30,89812.00
22-May-24,EQ,6777.45,6777.45,6727.25,6742.85,6754.00,6744.55,6752.79,8192.00,6187.80,416046.00,2809471430.75,44244.00
21-May-24,EQ,6705.00,6785.00,6705.00,6738.00,6755.00,6742.85,6738.25,8192.00,6187.80,761624.00,5132010176.80,83977.00
18-May-24,EQ,6725.00,6758.00,6725.00,6727.40,6739.00,6738.00,6740.49,8192.00,6187.80,49892.00,336296646.75,5268.00
17-May-24,EQ,6747.00,6780.00,6701.05,6747.15,6731.95,6727.40,6739.52,8192.00,6187.80,480158.00,3236035649.30,62588.00
16-May-24,EQ,6700.35,6762.10,6623.05,6680.00,6731.00,6747.15,6684.20,8192.00,6187.80,1059851.00,7084252921.10,136756.00
15-May-24,EQ,6692.00,6731.95,6645.05,6675.70,6681.00,6680.00,6675.87,8192.00,6187.80,595059.00,3972536173.30,66399.00
14-May-24,EQ,6710.00,6741.85,6657.60,6718.75,6682.00,6675.70,6689.29,8192.00,6187.80,755840.00,5056031121.20,80752.00
13-May-24,EQ,6684.00,6744.30,6620.00,6684.15,6725.00,6718.75,6688.00,8192.00,6187.80,512256.00,3425968285.35,57932.00
10-May-24,EQ,6638.90,6698.00,6601.20,6605.15,6675.00,6684.15,6653.91,8192.00,6187.80,824908.00,5488863432.75,89183.00
09-May-24,EQ,6799.90,6832.70,6585.00,6799.45,6604.40,6605.15,6689.68,8192.00,6187.80,1381115.00,9239214211.75,199714.00
08-May-24,EQ,6871.50,6879.55,6785.00,6872.55,6805.90,6799.45,6823.03,8192.00,6187.80,725925.00,4953005007.50,78311.00
07-May-24,EQ,6889.95,6943.10,6788.00,6859.85,6880.00,6872.55,6860.79,8192.00,6187.80,1298126.00,8906168074.60,158816.00
06-May-24,EQ,7007.95,7019.95,6845.00,6931.50,6868.00,6859.85,6917.67,8192.00,6187.80,1229988.00,8508647259.10,134596.00
03-May-24,EQ,7329.00,7400.00,6906.95,6882.70,6927.00,6931.50,7142.34,8192.00,6155.95,6818601.00,48700767184.40,620830.00
02-May-24,EQ,6937.85,6969.95,6865.00,6923.55,6895.00,6882.70,6907.16,8192.00,6155.95,1139572.00,7871203308.15,141680.00
30-Apr-24,EQ,6829.95,6975.00,6821.95,6826.60,6903.05,6923.55,6906.11,8192.00,6155.95,1798675.00,12421845001.05,178938.00
29-Apr-24,EQ,6789.95,6839.60,6713.05,6731.20,6820.00,6826.60,6783.41,8192.00,6155.95,1681030.00,11403121434.25,168091.00
26-Apr-24,EQ,7000.00,7000.00,6691.50,7294.90,6730.80,6731.20,6789.81,8192.00,5877.00,5814723.00,39480873196.00,571297.00
25-Apr-24,EQ,7330.00,7364.85,7125.10,7329.15,7296.00,7294.90,7275.33,8192.00,5877.00,1173354.00,8536537811.90,128179.00
24-Apr-24,EQ,7283.00,7419.45,7250.00,7259.90,7317.15,7329.15,7330.78,8192.00,5877.00,886929.00,6501881232.00,68112.00
23-Apr-24,EQ,7309.00,7339.90,7236.80,7292.20,7241.00,7259.90,7281.84,8192.00,5877.00,1081567.00,7875796849.70,83420.00
22-Apr-24,EQ,7167.30,7306.00,7167.30,7119.50,7300.00,7292.20,7259.62,8192.00,5877.00,1165272.00,8459436651.10,83119.00
19-Apr-24,EQ,6840.05,7150.00,6810.05,6893.20,7110.00,7119.50,6993.40,8192.00,5828.00,1218375.00,8520584081.50,130411.00
18-Apr-24,EQ,6928.10,6995.00,6866.00,6954.25,6895.00,6893.20,6914.00,8192.00,5828.00,1385133.00,9576814620.95,137063.00
16-Apr-24,EQ,7009.95,7034.30,6931.00,7076.25,6956.55,6954.25,6969.10,8192.00,5828.00,963293.00,6713285527.00,93098.00
15-Apr-24,EQ,7145.05,7198.80,7063.45,7229.55,7065.00,7076.25,7125.80,8192.00,5828.00,758448.00,5404548928.15,68913.00
12-Apr-24,EQ,7224.00,7264.00,7156.30,7230.25,7210.00,7229.55,7218.76,8192.00,5786.00,1092588.00,7887126736.50,120592.00
10-Apr-24,EQ,7235.90,7254.00,7160.00,7193.60,7219.85,7230.25,7210.99,8192.00,5786.00,567986.00,4095743503.75,58478.00
09-Apr-24,EQ,7220.00,7235.35,7124.50,7178.55,7189.00,7193.60,7184.53,8192.00,5786.00,710281.00,5103032470.10,79057.00
08-Apr-24,EQ,7215.00,7226.95,7142.80,7175.65,7180.00,7178.55,7175.43,8192.00,5786.00,518210.00,3718381437.30,51026.00
05-Apr-24,EQ,7234.75,7259.00,7156.00,7283.40,7189.65,7175.65,7195.21,8192.00,5632.20,1200494.00,8637807717.85,105538.00
04-Apr-24,EQ,7345.00,7350.00,7255.00,7309.25,7291.95,7283.40,7308.48,8192.00,5632.20,1040589.00,7605120211.00,138082.00
03-Apr-24,EQ,7197.00,7323.35,7186.15,7207.40,7314.00,7309.25,7269.95,8192.00,5632.20,958943.00,6971467716.80,80725.00
02-Apr-24,EQ,7250.95,7255.00,7135.00,7250.95,7223.00,7207.40,7194.48,8192.00,5632.20,967615.00,6961483440.25,107512.00
01-Apr-24,EQ,7261.25,7343.45,7220.05,7245.25,7243.95,7250.95,7286.11,8192.00,5632.20,1125238.00,8198604277.35,82651.00
28-Mar-24,EQ,7032.10,7349.30,7032.10,7022.75,7235.05,7245.25,7247.76,8192.00,5522.70,3574518.00,25907257217.55,328451.00
27-Mar-24,EQ,6945.75,7049.00,6905.00,6910.10,7029.00,7022.75,6987.02,8192.00,5522.70,1551275.00,10838788558.90,122654.00
26-Mar-24,EQ,6754.50,6945.00,6745.00,6760.90,6925.00,6910.10,6902.09,8192.00,5522.70,1850321.00,12771090831.20,159954.00
22-Mar-24,EQ,6705.00,6803.00,6686.30,6715.75,6763.00,6760.90,6759.84,8192.00,5485.70,1125238.00,7606428261.65,121585.00
21-Mar-24,EQ,6707.50,6771.65,6657.15,6649.50,6710.00,6715.75,6711.96,8192.00,5485.70,1806092.00,12122411866.90,172301.00
20-Mar-24,EQ,6610.00,6731.00,6606.00,6596.25,6653.00,6649.50,6674.65,8192.00,5485.70,1490831.00,9950782490.00,142973.00
19-Mar-24,EQ,6509.70,6667.20,6505.00,6504.65,6586.00,6596.25,6595.57,8192.00,5485.70,1408087.00,9287131126.55,144924.00
18-Mar-24,EQ,6514.35,6555.00,6456.10,6514.35,6500.00,6504.65,6512.90,8192.00,5485.70,676425.00,4405485502.15,56478.00
15-Mar-24,EQ,6375.05,6578.00,6360.00,6397.45,6485.05,6514.35,6494.75,8192.00,5485.70,1970500.00,12797905664.35,145174.00
14-Mar-24,EQ,6456.15,6470.00,6297.80,6456.15,6380.10,6397.45,6402.89,8192.00,5485.70,1219865.00,7810655558.50,167464.00
13-Mar-24,EQ,6439.25,6514.95,6391.55,6436.05,6450.00,6456.15,6460.81,8192.00,5485.70,1132183.00,7314819135.60,117966.00
12-Mar-24,EQ,6405.00,6485.00,6341.35,6433.75,6449.00,6436.05,6431.10,8192.00,5485.70,1094677.00,7039981336.20,124823.00
11-Mar-24,EQ,6550.00,6552.00,6404.00,6421.05,6430.10,6433.75,6453.74,8192.00,5485.70,1203971.00,7770119488.40,117410.00
07-Mar-24,EQ,6350.00,6468.60,6325.40,6311.25,6428.00,6421.05,6420.39,8192.00,5485.70,1469421.00,9434250491.00,125772.00
06-Mar-24,EQ,6332.50,6345.90,6187.80,6324.25,6307.95,6311.25,6259.12,8192.00,5485.70,2104792.00,13174151475.10,214796.00
05-Mar-24,EQ,6602.45,6636.25,6272.00,6602.45,6333.00,6324.25,6410.17,8192.00,5485.70,1717558.00,11009834235.60,188901.00
04-Mar-24,EQ,6588.00,6639.95,6557.45,6584.35,6604.00,6602.45,6603.54,8192.00,5485.70,397118.00,2622386545.55,55312.00
02-Mar-24,EQ,6565.00,6605.00,6565.00,6571.45,6588.00,6584.35,6589.41,8192.00,5485.70,49760.00,327889288.80,6277.00
01-Mar-24,EQ,6511.75,6608.70,6502.10,6495.35,6576.00,6571.45,6565.52,8192.00,5485.70,919080.00,6034236495.65,139301.00
29-Feb-24,EQ,6499.00,6539.00,6366.20,6498.70,6511.75,6495.35,6491.14,8192.00,5485.70,1699098.00,11029083444.10,128058.00
28-Feb-24,EQ,6572.00,6596.75,6475.00,6556.25,6488.00,6498.70,6545.06,8192.00,5485.70,535321.00,3503706439.45,74851.00
27-Feb-24,EQ,6631.00,6642.00,6491.10,6643.25,6555.40,6556.25,6574.54,8192.00,5485.70,1150306.00,7562728773.45,139511.00
26-Feb-24,EQ,6690.00,6708.00,6624.20,6697.85,6639.00,6643.25,6653.85,8192.00,5485.70,892056.00,5935604795.45,95130.00
23-Feb-24,EQ,6674.00,6719.00,6632.60,6674.95,6690.00,6697.85,6680.58,8192.00,5485.70,1280311.00,8553215685.20,117458.00
22-Feb-24,EQ,6691.05,6706.85,6561.00,6688.80,6698.00,6674.95,6619.54,8192.00,5485.70,1022374.00,6767650264.45,137951.00
21-Feb-24,EQ,6790.00,6790.00,6665.05,6763.60,6672.00,6688.80,6724.05,8192.00,5485.70,854944.00,5748686331.40,76709.00
20-Feb-24,EQ,6711.90,6792.00,6681.25,6712.80,6771.00,6763.60,6753.48,8192.00,5485.70,1106709.00,7474131813.05,122472.00
19-Feb-24,EQ,6648.90,6806.90,6625.30,6619.20,6718.25,6712.80,6735.88,8192.00,5485.70,1315881.00,8863620192.10,110193.00
16-Feb-24,EQ,6650.05,6660.00,6602.00,6619.40,6614.00,6619.20,6621.07,8192.00,5485.70,1029431.00,6815939061.65,129947.00
15-Feb-24,EQ,6646.00,6677.40,6585.65,6646.50,6619.95,6619.40,6614.91,8192.00,5485.70,880859.00,5826800672.45,109034.00
14-Feb-24,EQ,6563.85,6656.00,6550.00,6603.65,6649.00,6646.50,6609.19,8192.00,5485.70,636126.00,4204276744.15,82851.00
13-Feb-24,EQ,6600.00,6639.00,6553.10,6569.15,6600.05,6603.65,6608.10,8192.00,5485.70,948014.00,6264570312.95,108021.00
12-Feb-24,EQ,6669.45,6671.85,6551.50,6654.50,6576.35,6569.15,6585.14,8192.00,5485.70,544784.00,3587477652.55,64051.00
09-Feb-24,EQ,6580.00,6677.70,6572.00,6575.65,6654.00,6654.50,6644.98,8192.00,5485.70,1209874.00,8039594330.35,124188.00
08-Feb-24,EQ,6731.85,6737.50,6536.70,6709.20,6585.00,6575.65,6606.32,8192.00,5485.70,2193209.00,14489039760.25,213093.00
07-Feb-24,EQ,6641.00,6737.60,6625.25,6598.15,6720.00,6709.20,6682.88,8192.00,5485.70,1538237.00,10279856230.40,152771.00
06-Feb-24,EQ,6648.00,6699.00,6535.00,6608.20,6599.00,6598.15,6604.06,8192.00,5485.70,2439533.00,16110820931.50,232133.00
05-Feb-24,EQ,6894.00,6895.00,6600.00,6848.30,6626.75,6608.20,6723.86,8192.00,5485.70,1771222.00,11909445509.05,197786.00
02-Feb-24,EQ,6755.00,6910.00,6753.00,6743.30,6877.90,6848.30,6844.03,8192.00,5485.70,1367508.00,9359269260.15,206629.00
01-Feb-24,EQ,6865.90,6879.95,6733.00,6862.90,6746.00,6743.30,6784.09,8192.00,5485.70,1911137.00,12965321707.70,231144.00
31-Jan-24,EQ,6820.00,6921.00,6812.00,6817.20,6865.90,6862.90,6877.07,8192.00,5485.70,1810512.00,12451015692.60,172859.00
30-Jan-24,EQ,6988.50,6988.50,6805.00,7191.65,6825.00,6817.20,6869.72,8192.00,5485.70,4153147.00,28530952745.75,396405.00
29-Jan-24,EQ,7085.50,7224.95,7085.10,7085.50,7200.00,7191.65,7163.15,8192.00,5485.70,1860361.00,13326042623.25,114690.00
25-Jan-24,EQ,7055.30,7125.80,7036.00,7055.30,7091.00,7085.50,7075.30,8192.00,5485.70,1168349.00,8266415862.50,102634.00
24-Jan-24,EQ,7104.00,7104.00,6996.80,7070.70,7080.00,7055.30,7049.02,8192.00,5485.70,2063675.00,14546893452.55,122779.00
23-Jan-24,EQ,7352.90,7355.00,7042.60,7301.30,7083.00,7070.70,7180.32,8192.00,5485.70,2533297.00,18189871066.15,204647.00
20-Jan-24,EQ,7327.75,7386.30,7291.00,7319.10,7313.00,7301.30,7332.58,8192.00,5485.70,219358.00,1608460744.25,27055.00
19-Jan-24,EQ,7360.00,7388.80,7261.25,7265.55,7325.90,7319.10,7313.97,8192.00,5485.70,830810.00,6076520804.75,92936.00
18-Jan-24,EQ,7296.00,7351.75,7234.00,7358.85,7274.20,7265.55,7281.49,8192.00,5485.70,1686996.00,12283850683.60,175621.00
17-Jan-24,EQ,7303.30,7478.20,7302.20,7456.65,7367.75,7358.85,7388.41,8192.00,5485.70,1380271.00,10198008011.15,114581.00
16-Jan-24,EQ,7475.00,7614.50,7427.90,7478.00,7445.00,7456.65,7518.19,8192.00,5485.70,1194723.00,8982158409.95,138334.00
15-Jan-24,EQ,7697.95,7697.95,7454.00,7661.05,7477.00,7478.00,7524.95,8192.00,5485.70,997220.00,7504034264.75,107746.00
12-Jan-24,EQ,7684.00,7718.95,7617.00,7669.75,7639.00,7661.05,7660.78,8192.00,5485.70,808638.00,6194798776.75,99544.00
11-Jan-24,EQ,7680.00,7793.30,7651.05,7680.55,7684.00,7669.75,7720.83,8192.00,5485.70,651741.00,5031981679.15,104639.00
10-Jan-24,EQ,7716.00,7735.25,7660.00,7725.45,7675.00,7680.55,7688.85,8192.00,5485.70,559072.00,4298620963.05,80362.00
09-Jan-24,EQ,7774.00,7810.00,7698.00,7736.00,7715.75,7725.45,7758.94,8192.00,5485.70,1247083.00,9676043195.75,135198.00
08-Jan-24,EQ,7677.00,7830.00,7631.30,7711.15,7740.00,7736.00,7737.07,8192.00,5485.70,1121209.00,8674873898.10,116211.00
05-Jan-24,EQ,7734.95,7789.00,7673.10,7705.55,7708.05,7711.15,7722.15,8192.00,5485.70,1052601.00,8128338046.60,125482.00
04-Jan-24,EQ,7560.00,7733.95,7560.00,7384.80,7698.60,7705.55,7667.97,8192.00,5485.70,2911879.00,22328214375.30,280733.00
03-Jan-24,EQ,7444.95,7485.85,7368.20,7430.05,7381.20,7384.80,7414.09,8192.00,5485.70,553405.00,4102993970.10,70437.00
02-Jan-24,EQ,7324.00,7445.10,7280.05,7299.05,7432.30,7430.05,7372.68,8192.00,5485.70,1112990.00,8205723494.75,109675.00
01-Jan-24,EQ,7336.95,7336.95,7273.00,7327.75,7286.95,7299.05,7304.06,8192.00,5485.70,331489.00,2421214793.15,41730.00
29-Dec-23,EQ,7231.65,7343.00,7205.15,7258.65,7315.00,7327.75,7289.44,8192.00,5485.70,912802.00,6653818426.40,94915.00
28-Dec-23,EQ,7275.00,7290.00,7200.00,7232.80,7223.95,7258.65,7258.91,8192.00,5485.70,1856064.00,13472995983.05,130287.00
27-Dec-23,EQ,7219.90,7323.40,7190.90,7162.30,7246.80,7232.80,7237.64,8192.00,5485.70,1605279.00,11618432166.60,156926.00
26-Dec-23,EQ,7325.00,7344.00,7145.25,7295.30,7175.05,7162.30,7211.83,8192.00,5485.70,1225844.00,8840576274.10,153727.00
22-Dec-23,EQ,7418.95,7440.00,7243.00,7367.15,7290.00,7295.30,7328.87,8192.00,5485.70,1129485.00,8277850107.45,139140.00
21-Dec-23,EQ,7426.60,7477.00,7305.50,7493.95,7386.00,7367.15,7402.52,8192.00,5485.70,913082.00,6759111870.60,92614.00
20-Dec-23,EQ,7650.00,7695.00,7460.15,7632.65,7481.00,7493.95,7583.08,8192.00,5485.70,874546.00,6631748125.05,76507.00
19-Dec-23,EQ,7641.00,7641.60,7535.00,7587.60,7635.00,7632.65,7597.28,8192.00,5485.70,791408.00,6012544775.95,85843.00
18-Dec-23,EQ,7548.00,7610.00,7526.00,7515.05,7569.00,7587.60,7581.14,8192.00,5485.70,1082798.00,8208839897.90,87986.00
15-Dec-23,EQ,7528.85,7528.90,7445.00,7474.20,7514.00,7515.05,7488.15,8192.00,5485.70,1173938.00,8790627893.55,90181.00
14-Dec-23,EQ,7368.50,7511.25,7300.10,7258.00,7470.55,7474.20,7450.68,8192.00,5485.70,1729567.00,12886455475.95,171061.00
13-Dec-23,EQ,7299.85,7304.50,7207.00,7314.55,7260.00,7258.00,7247.77,8192.00,5485.70,682955.00,4949900834.15,87943.00
12-Dec-23,EQ,7280.00,7354.00,7280.00,7292.75,7310.90,7314.55,7318.67,8192.00,5485.70,633312.00,4634999764.30,104761.00
11-Dec-23,EQ,7325.00,7352.70,7270.05,7307.60,7297.00,7292.75,7306.16,8192.00,5485.70,590055.00,4311034135.20,62998.00
08-Dec-23,EQ,7390.55,7398.10,7274.00,7391.20,7310.00,7307.60,7316.01,8192.00,5485.70,1144388.00,8372357200.30,106780.00
07-Dec-23,EQ,7390.00,7440.00,7326.00,7427.10,7392.00,7391.20,7391.22,8192.00,5485.70,668862.00,4943708125.60,68110.00
06-Dec-23,EQ,7390.00,7459.00,7365.05,7349.80,7429.00,7427.10,7416.37,8192.00,5485.70,701800.00,5204810661.40,67618.00
05-Dec-23,EQ,7430.00,7440.00,7320.05,7407.65,7352.00,7349.80,7372.13,8192.00,5485.70,1522242.00,11222159243.35,177024.00
04-Dec-23,EQ,7340.00,7420.00,7315.05,7259.35,7405.00,7407.65,7387.32,8192.00,5485.70,1101426.00,8136588223.80,97109.00
01-Dec-23,EQ,7160.00,7279.85,7142.00,7121.90,7248.90,7259.35,7218.92,8192.00,5485.70,900477.00,6500466993.30,116313.00
30-Nov-23,EQ,7132.00,7163.60,7085.65,7130.10,7130.00,7121.90,7116.00,8192.00,5485.70,1271934.00,9051086797.45,99955.00
29-Nov-23,EQ,7134.00,7168.60,7114.05,7127.55,7132.00,7130.10,7134.10,8192.00,5485.70,682430.00,4868521872.60,85145.00
28-Nov-23,EQ,7035.00,7135.00,7029.90,7020.80,7109.40,7127.55,7086.59,8192.00,5485.70,728158.00,5160155090.80,108308.00
24-Nov-23,EQ,7108.00,7116.80,7011.00,7073.65,7035.00,7020.80,7047.75,8192.00,5485.70,726499.00,5120186625.05,87123.00
23-Nov-23,EQ,7135.00,7160.00,7056.00,7128.35,7075.00,7073.65,7106.81,8192.00,5485.70,606158.00,4307848049.30,68992.00
22-Nov-23,EQ,7086.45,7177.85,7065.50,7103.15,7123.00,7128.35,7119.50,8192.00,5485.70,1041404.00,7414279169.55,78632.00
21-Nov-23,EQ,7085.00,7128.85,7030.00,7068.60,7100.00,7103.15,7087.44,8192.00,5485.70,1666225.00,11809275268.25,137178.00
20-Nov-23,EQ,7151.00,7239.00,7050.10,7221.00,7065.75,7068.60,7118.34,8192.00,5485.70,1902940.00,13545776842.10,158782.00
17-Nov-23,EQ,7140.50,7260.00,7108.05,7362.45,7221.75,7221.00,7214.11,8192.00,5485.70,2080034.00,15005601028.95,158863.00
16-Nov-23,EQ,6944.55,7380.70,6931.25,7224.30,7361.00,7362.45,7177.29,8192.00,5485.70,4557043.00,32707240969.35,298790.00
15-Nov-23,EQ,7439.40,7476.20,7119.15,7360.85,7216.95,7224.30,7310.01,8192.00,5485.70,1923440.00,14060372813.80,199672.00
13-Nov-23,EQ,7447.80,7450.00,7319.00,7456.90,7363.95,7360.85,7364.51,8192.00,5485.70,732240.00,5392587132.90,94163.00
12-Nov-23,EQ,7470.05,7498.00,7447.05,7444.80,7454.50,7456.90,7465.60,8192.00,5485.70,79745.00,595344138.00,9727.00
10-Nov-23,EQ,7370.00,7454.00,7346.45,7386.70,7450.30,7444.80,7425.27,8192.00,5485.70,496261.00,3684870710.10,53636.00
09-Nov-23,EQ,7485.00,7485.00,7366.70,7459.95,7390.00,7386.70,7403.36,8192.00,5485.70,771791.00,5713847462.40,79753.00
08-Nov-23,EQ,7527.00,7536.00,7406.65,7495.60,7458.00,7459.95,7455.13,8192.00,5485.70,916717.00,6834241855.90,87519.00
07-Nov-23,EQ,7640.00,7640.00,7446.00,7562.05,7499.00,7495.60,7519.46,8192.00,5485.70,1563007.00,11752970008.45,162727.00
06-Nov-23,EQ,7456.00,7571.95,7442.60,7411.50,7555.00,7562.05,7513.51,8192.00,5485.70,634043.00,4763885603.10,63638.00
03-Nov-23,EQ,7528.00,7537.95,7372.45,7449.10,7403.00,7411.50,7428.96,8192.00,5485.70,1138755.00,8459770203.10,114454.00
02-Nov-23,EQ,7530.00,7615.00,7411.20,7471.90,7469.00,7449.10,7492.79,8192.00,5485.70,855030.00,6406564290.75,94175.00
01-Nov-23,EQ,7520.00,7549.00,7457.65,7492.65,7479.00,7471.90,7510.31,8192.00,5485.70,462778.00,3475606977.30,65986.00
31-Oct-23,EQ,7569.80,7579.70,7460.50,7503.05,7495.35,7492.65,7511.26,8192.00,5485.70,749410.00,5629010332.75,94261.00
30-Oct-23,EQ,7505.80,7526.85,7352.50,7507.20,7510.00,7503.05,7460.27,8192.00,5485.70,799276.00,5962812041.35,108893.00
27-Oct-23,EQ,7509.95,7549.00,7416.60,7421.80,7486.85,7507.20,7492.70,8192.00,5485.70,911944.00,6832921120.50,107260.00
26-Oct-23,EQ,7625.10,7656.00,7401.20,7694.45,7409.00,7421.80,7470.75,8192.00,5485.70,1324630.00,9895977610.05,167916.00
25-Oct-23,EQ,7798.90,7856.95,7676.00,7798.90,7685.00,7694.45,7741.94,8192.00,5485.70,708774.00,5487285997.55,88917.00
23-Oct-23,EQ,7800.00,7884.90,7761.35,7769.20,7775.00,7798.90,7830.64,8192.00,5485.70,882230.00,6908423213.90,104921.00
20-Oct-23,EQ,7810.00,7832.35,7722.50,7841.55,7770.00,7769.20,7773.63,8192.00,5485.70,771153.00,5994658305.70,99051.00
19-Oct-23,EQ,7843.30,7923.00,7731.00,7866.55,7822.40,7841.55,7822.27,8192.00,5485.70,1061453.00,8302976891.95,149476.00
18-Oct-23,EQ,8050.00,8084.60,7850.00,8093.00,7854.00,7866.55,7950.12,8192.00,5485.70,1544642.00,12280087675.65,157004.00
17-Oct-23,EQ,8080.00,8159.00,8057.55,8036.00,8097.50,8093.00,8100.95,8192.00,5485.70,838283.00,6790891569.35,85427.00
16-Oct-23,EQ,8044.30,8069.00,7982.65,8051.65,8021.00,8036.00,8029.01,8192.00,5485.70,438246.00,3518682722.70,52951.00
13-Oct-23,EQ,7999.55,8082.90,7956.05,8014.30,8043.00,8051.65,8036.74,8192.00,5485.70,662282.00,5322586112.20,97371.00
12-Oct-23,EQ,8125.00,8127.00,8003.00,8101.95,8016.00,8014.30,8037.95,8192.00,5485.70,764092.00,6141735061.80,75206.00
11-Oct-23,EQ,8139.80,8173.00,8095.45,8083.60,8108.00,8101.95,8131.80,8192.00,5485.70,712372.00,5792866203.50,95698.00
10-Oct-23,EQ,8055.00,8135.00,8021.00,8027.70,8086.00,8083.60,8076.49,8192.00,5485.70,965024.00,7794007636.05,134824.00
09-Oct-23,EQ,8102.05,8135.00,8018.00,8168.55,8019.10,8027.70,8068.79,8192.00,5485.70,747800.00,6033843122.20,94101.00
06-Oct-23,EQ,7850.00,8192.00,7845.00,7850.90,8150.00,8168.55,8064.18,8192.00,5485.70,2145034.00,17297934647.85,191298.00
05-Oct-23,EQ,7914.85,7914.85,7826.90,7854.05,7845.00,7850.90,7875.66,8043.00,5485.70,795061.00,6261632025.75,104913.00
04-Oct-23,EQ,8025.00,8043.00,7820.00,7967.60,7865.00,7854.05,7915.04,8043.00,5485.70,1176384.00,9311125451.85,93413.00
03-Oct-23,EQ,7780.80,7975.50,7755.00,7810.75,7967.10,7967.60,7888.51,7999.90,5485.70,944555.00,7451130001.85,109439.00
29-Sep-23,EQ,7739.00,7848.00,7725.00,7739.00,7809.95,7810.75,7805.28,7999.90,5485.70,573005.00,4472463497.80,74692.00
28-Sep-23,EQ,7804.75,7829.00,7718.05,7837.55,7735.00,7739.00,7774.50,7999.90,5485.70,777505.00,6044708896.65,83316.00
